Person,687,535,1660028400.jpg,1920,1080
Person,664,543,1660028400.jpg,1920,1080
Person,891,514,1660028400.jpg,1920,1080
Person,1062,530,1660028400.jpg,1920,1080
Person,572,576,1660028400.jpg,1920,1080
Person,123,589,1660028400.jpg,1920,1080
Person,1100,515,1660028400.jpg,1920,1080
Person,1049,536,1660028400.jpg,1920,1080
Person,1266,481,1660028400.jpg,1920,1080
Person,1243,489,1660028400.jpg,1920,1080
Person,1256,510,1660028400.jpg,1920,1080
Person,1234,509,1660028400.jpg,1920,1080
Person,1526,452,1660028400.jpg,1920,1080
Person,1554,456,1660028400.jpg,1920,1080